Div,Date,Time,HomeTeam,AwayTeam,FTHG,FTAG,AvgH,AvgD,AvgA,Avg>2.5,Avg<2.5,MaxH,MaxD,MaxA,Max>2.5,Max<2.5,PSH,PSD,PSA,P>2.5,P<2.5,Kickoff,EventId,Sport
MILLI,24/09/2026,19:45,Austria,Israel,3,1,1.46,4.64,6.26,1.54,2.39,1.50,4.90,7.40,1.55,2.40,1.50,4.90,7.40,,,2026-09-24T18:45:00Z,4f880a226d6ab27f137ec39da877e68c,soccer_uefa_nations_league
MILLI,24/09/2026,19:45,Kosovo,Republic of Ireland,1,0,2.39,3.07,3.13,2.29,1.56,2.48,3.30,3.40,2.48,1.59,2.48,3.30,3.40,,,2026-09-24T18:45:00Z,153ad245de40be77011a5ffff62e0302,soccer_uefa_nations_league
MILLI,24/09/2026,19:45,Liechtenstein,Lithuania,0,2,13.80,4.81,1.28,2.39,1.55,19.50,5.41,1.32,2.43,1.61,19.50,5.10,1.32,,,2026-09-24T18:45:00Z,7eba39bc18096e656826ebb2792e95ab,soccer_uefa_nations_league
MILLI,24/09/2026,19:45,Netherlands,Germany,1,1,2.67,3.73,2.42,1.44,2.69,2.82,3.95,2.52,1.44,2.72,2.74,3.79,2.47,,,2026-09-24T18:45:00Z,1b126f4039aa0e37f54d3142212702b7,soccer_uefa_nations_league
MILLI,24/09/2026,19:45,Norway,Denmark,3,2,1.59,4.33,5.04,1.50,2.48,1.64,4.60,5.60,1.50,2.52,1.62,4.33,5.28,,,2026-09-24T18:45:00Z,9352e6dce53be8e98217c70a28200e69,soccer_uefa_nations_league
MILLI,24/09/2026,19:45,Portugal,Wales,1,0,1.15,8.01,16.97,1.31,3.32,1.18,9.40,21.00,1.32,3.35,1.16,8.07,18.44,,,2026-09-24T18:45:00Z,4ab9287a169d5efd8818d7487d6e0f03,soccer_uefa_nations_league
MILLI,24/09/2026,19:45,Serbia,Greece,1,2,2.87,3.24,2.48,2.09,1.68,3.05,3.40,2.60,2.19,1.74,2.94,3.35,2.53,,,2026-09-24T18:45:00Z,8f5c39e163f06383d2c06d0b7769963f,soccer_uefa_nations_league
MILLI,25/09/2026,17:00,Armenia,Latvia,2,0,1.84,3.46,4.21,1.98,1.74,1.95,3.65,4.60,2.09,1.81,1.95,3.65,4.60,,,2026-09-25T16:00:00Z,d559e0b2cc9b79504ad6d3e221ea050f,soccer_uefa_nations_league
MILLI,25/09/2026,17:00,Georgia,Northern Ireland,0,1,1.82,3.41,4.51,2.14,1.65,1.92,3.57,5.00,2.27,1.73,1.92,3.50,5.00,,,2026-09-25T16:00:00Z,56e89688e8dcce4889162404c8290f50,soccer_uefa_nations_league
MILLI,25/09/2026,19:45,Hungary,Ukraine,0,1,2.26,3.18,3.22,2.10,1.67,2.40,3.35,3.45,2.23,1.72,2.40,3.35,3.45,,,2026-09-25T18:45:00Z,9061961fe607d2b8b3e7f686244c61ea,soccer_uefa_nations_league
MILLI,25/09/2026,19:45,Italy,Belgium,0,2,2.21,3.54,3.05,1.63,2.16,2.34,3.70,3.25,1.70,2.25,2.27,3.64,3.15,,,2026-09-25T18:45:00Z,95d5c8d1489bc284b68dc332fa1cb854,soccer_uefa_nations_league
MILLI,25/09/2026,19:45,Montenegro,Cyprus,2,1,1.77,3.54,4.46,1.98,1.74,1.87,3.75,5.00,2.09,1.81,1.87,3.75,5.00,,,2026-09-25T18:45:00Z,8d8af5c471bb4fbf8f3dd85dbd414227,soccer_uefa_nations_league
MILLI,25/09/2026,19:45,Poland,Bosnia & Herzegovina,0,0,1.60,3.95,5.44,1.80,1.91,1.64,4.20,6.20,1.86,2.02,1.64,4.20,6.20,,,2026-09-25T18:45:00Z,bd6aee3c71bd9b3897ae6bc55bd43de4,soccer_uefa_nations_league
MILLI,25/09/2026,19:45,Sweden,Romania,2,1,1.42,4.78,6.64,1.62,2.30,1.47,5.10,7.80,1.65,2.36,1.47,5.10,7.80,,,2026-09-25T18:45:00Z,f7d490f8981f46b035b30f715b8ecdac,soccer_uefa_nations_league
MILLI,25/09/2026,19:45,Turkey,France,0,1,8.43,5.58,1.32,1.37,2.97,9.60,6.00,1.36,1.37,3.05,8.94,5.76,1.33,,,2026-09-25T18:45:00Z,2b7592be536420c10378dd7522466f6a,soccer_uefa_nations_league
MILLI,26/09/2026,14:00,Slovenia,Scotland,0,0,2.53,3.13,2.87,2.23,1.61,2.70,3.25,3.05,2.32,1.67,2.70,3.25,3.05,,,2026-09-26T13:00:00Z,567186cbb46d455027b928c7204fa1e8,soccer_uefa_nations_league
MILLI,26/09/2026,17:00,Bulgaria,Luxembourg,1,2,2.29,3.02,3.34,2.49,1.46,2.44,3.15,3.55,2.62,1.50,2.44,3.15,3.55,,,2026-09-26T16:00:00Z,aa53f6f572fd2c1335f51cb641d885a0,soccer_uefa_nations_league
MILLI,26/09/2026,17:00,Faroe Islands,Kazakhstan,1,1,2.28,3.12,3.36,2.30,1.60,2.38,3.31,3.60,2.39,1.63,2.38,3.25,3.60,,,2026-09-26T16:00:00Z,4ba14febacc56908aa9eaf6fce35ea85,soccer_uefa_nations_league
MILLI,26/09/2026,17:00,Iceland,Estonia,1,1,1.29,5.25,9.92,1.66,2.10,1.33,5.80,12.00,1.75,2.17,1.33,5.80,12.00,,,2026-09-26T16:00:00Z,c42d46144130858aea0b0c9ecd0dff1d,soccer_uefa_nations_league
MILLI,26/09/2026,17:00,San Marino,Finland,0,7,33.64,9.95,1.07,1.43,2.66,50.00,13.50,1.10,1.44,2.68,44.00,13.50,1.10,,,2026-09-26T16:00:00Z,133c2380620459b6c4dcefe9ce9f16dd,soccer_uefa_nations_league
MILLI,26/09/2026,19:45,Albania,Belarus,2,0,1.58,3.68,6.14,2.27,1.57,1.65,3.90,7.20,2.37,1.64,1.65,3.90,7.20,,,2026-09-26T18:45:00Z,d88315e01313cc27f24422f32663671e,soccer_uefa_nations_league
MILLI,26/09/2026,19:45,Czech Republic,Croatia,1,2,3.42,3.45,2.10,1.82,1.93,3.70,3.60,2.20,1.90,1.99,3.59,3.51,2.13,1.90,1.99,2026-09-26T18:45:00Z,54f94d1a1c5002076c378685a0026580,soccer_uefa_nations_league
MILLI,26/09/2026,19:45,England,Spain,2,3,3.40,3.49,2.11,1.71,2.06,3.60,3.65,2.22,1.76,2.19,3.54,3.59,2.11,1.85,2.04,2026-09-26T18:45:00Z,229a537cdaa737d936ba7f111d31bbd7,soccer_uefa_nations_league
MILLI,26/09/2026,19:45,North Macedonia,Switzerland,0,3,8.91,4.73,1.35,1.80,1.92,11.00,5.01,1.39,1.91,1.97,11.00,5.00,1.39,,,2026-09-26T18:45:00Z,54853b10baa6409ded41f1b15b6e261c,soccer_uefa_nations_league
MILLI,26/09/2026,19:45,Slovakia,Moldova,2,0,1.15,7.28,18.98,1.49,2.38,1.17,9.20,23.00,1.52,2.42,1.17,9.20,23.00,,,2026-09-26T18:45:00Z,fad69b34d56fcff0b32645c7121a8d81,soccer_uefa_nations_league
MILLI,27/09/2026,14:00,Lithuania,Azerbaijan,1,1,2.29,2.94,3.40,2.49,1.47,2.42,3.10,3.70,2.50,1.49,2.42,3.10,3.70,,,2026-09-27T13:00:00Z,b6b917cb6ec3b496cb9d3263ede19b41,soccer_uefa_nations_league
MILLI,27/09/2026,17:00,Austria,Kosovo,3,1,1.60,3.90,5.51,1.89,1.84,1.66,4.20,6.00,1.98,1.90,1.66,4.20,6.00,,,2026-09-27T16:00:00Z,c0d45a56952f736fdeda96b0aa3f7bbe,soccer_uefa_nations_league
MILLI,27/09/2026,17:00,Denmark,Wales,2,0,1.38,4.90,7.58,1.61,2.23,1.41,5.30,9.00,1.67,2.32,1.40,5.15,7.77,1.84,2.06,2026-09-27T16:00:00Z,663bf315127df32b389f73d7b570955a,soccer_uefa_nations_league
MILLI,27/09/2026,17:00,Gibraltar,Andorra,0,0,3.60,2.64,2.41,3.63,1.24,3.90,2.86,2.51,3.70,1.25,3.90,2.86,2.50,,,2026-09-27T16:00:00Z,9468e8e2c54974a99a73c0b25040178b,soccer_uefa_nations_league
MILLI,27/09/2026,17:00,Serbia,Netherlands,1,2,6.95,4.90,1.40,1.49,2.43,8.40,5.21,1.44,1.50,2.52,7.14,5.21,1.41,1.87,1.96,2026-09-27T16:00:00Z,677958752613df2bf54dcb7a1cbf4d92,soccer_uefa_nations_league
MILLI,27/09/2026,19:45,Germany,Greece,0,1,1.41,4.95,6.64,1.42,2.78,1.45,5.25,8.20,1.43,2.82,1.43,5.06,6.98,,,2026-09-27T18:45:00Z,dc64003d7ab95aed0bd0f9d5a9f67a1f,soccer_uefa_nations_league
MILLI,27/09/2026,19:45,Israel,Republic of Ireland,0,3,2.67,3.20,2.64,2.03,1.70,2.86,3.35,2.80,2.10,1.80,2.86,3.35,2.80,,,2026-09-27T18:45:00Z,0c6a5a6baedfe7fe967f8773f2cdd747,soccer_uefa_nations_league
MILLI,27/09/2026,19:45,Norway,Portugal,1,2,2.32,3.73,2.74,1.44,2.71,2.42,3.95,2.94,1.44,2.75,2.38,3.86,2.82,,,2026-09-27T18:45:00Z,78b06a6382b3534d4dcf9a48ad063ef1,soccer_uefa_nations_league
